0.,19.496749210709226,25.484691469657815,0.7702320548533829,0.000022945265547452535,0.00001318266208604576,7.790698650789372e-7,3.2875158387544773e-7,1.1056656932433061e-9,4.711831626888033e-6,1.5271947560796744e-14,8.619396928507551e-10,2.0822169164232103e-21,7.16356562197667e-8,2.1090812422925993e-19,0.,0.,0.,2.2736317678840162e-41
0.02,20.34431906302552,28.20894346501802,0.8991299581819643,0.00003076551938519164,0.000018766595541759743,1.1161651987710805e-6,4.743102234591438e-7,1.8208461928815918e-9,4.93481610306472e-6,2.9124883986002305e-14,1.2868004729441922e-9,4.908307376368747e-21,7.963233888566497e-8,2.9224596748743074e-19,0.,0.,0.,6.830171262112474e-41
0.04,21.207522805274056,31.156780941530606,1.0462438080481429,0.00004100801025662379,0.00002668778188990397,1.5906976308106922e-6,6.798147405072266e-7,2.971304050034479e-9,5.16248229902915e-6,5.486354351704698e-14,1.9027218368970658e-9,1.1377237013454284e-20,8.835947353613314e-8,4.0170080113358054e-19,0.,0.,0.,1.999042141784695e-40
0.06,22.085809993392587,34.292092740472086,1.2136082867598579,0.00005434384776174929,0.00003786072906956959,2.255112794775528e-6,9.680406890236004e-7,4.805794457135591e-9,5.394698306458031e-6,1.021081038353953e-13,2.788726384943865e-9,2.5945004150936964e-20,9.772046202014431e-8,5.478384501707904e-19,0.,0.,0.,5.703788468728275e-40
0.08,22.978614620511365,37.717067686575234,1.403410674924147,0.00007160655723152456,0.00005330914594416028,3.177777117292535e-6,1.3696620538055026e-6,7.70600334405181e-9,5.629936090647376e-6,1.8780089514038848e-13,4.048602418161203e-9,5.822300458912997e-20,1.078081360436483e-7,7.414667792128764e-19,0.,0.,0.,1.587536002852702e-39
0.1,23.88535696256169,41.39963990763177,1.6179935754611914,0.00009382508447250992,0.00007471900486143489,4.458283953447578e-6,1.9255294839441414e-6,1.2252538509937178e-8,5.870829392164709e-6,3.414272914578763e-13,5.844320507278467e-9,1.2862769125912265e-19,1.1854609467205953e-7,9.961187960172725e-19,0.,0.,0.,4.312858937245523e-39
0.12,24.80544539010397,45.351131370483884,1.8598567544933269,0.00012226200821065307,0.00010423760243161811,6.222545099416174e-6,2.6904222569040717e-6,1.9321740230561107e-8,6.115917957687457e-6,6.137079190398805e-13,8.309054149251145e-9,2.798409045836404e-19,1.3015691572890007e-7,1.3286143241805622e-18,0.,0.,0.,1.1443166592786452e-38
0.14,25.813648521771427,49.58274289502337,2.1316580340025517,0.00015832330962787746,0.00014471803945906704,8.648412970180827e-6,3.7362261494756588e-6,3.022567995759713e-8,6.36512247270317e-6,1.0909020832676304e-12,1.175163269977893e-8,5.998094216566682e-19,1.4259566866664884e-7,1.7597076247253453e-18,0.,0.,0.,2.967011024896534e-38
0.16,26.760483407675316,54.17598193642282,2.4362131794599833,0.0002041166181944812,0.00020032861774233675,0.000011947875900306886,5.15688401299011e-6,4.6913514860776444e-8,6.6184045198390895e-6,1.9180764280965363e-12,1.648867242526896e-8,1.2669740697168028e-18,1.5588047529419087e-7,2.3148280401636543e-18,0.,0.,0.,7.521968785326322e-38
0.18,27.71881630681765,59.00637877803476,2.77649473488959,0.00026178358826282606,0.000275493574765901,0.000016422148450726205,7.076409615874339e-6,7.225872227075895e-8,6.87578815751947e-6,3.3365348363550097e-12,2.2941528239636963e-8,2.638283615938897e-18,1.7003944778886186e-7,3.0249202246098732e-18,0.,0.,0.,1.8656298583401308e-37
0.2,28.68802398877895,64.14962635062345,3.1556297678860323,0.00033431688680535243,0.00037703746740297525,0.00002245769301155754,9.65511529501424e-6,1.1046132176242126e-7,7.137390707978528e-6,5.743367468697364e-12,3.1670764902915705e-8,5.4186951898924536e-18,1.8509970700709115e-7,3.927389799887451e-18,0.,0.,0.,4.529370616012872e-37
0.22,29.667479748521203,69.6160126914025,3.5768964977988156,0.0004240593726543199,0.0005135184474127912,0.00003055681064734479,0.00001309693565480701,1.6763486240146996e-7,7.4051715418488675e-6,9.785170351266943e-12,4.338919903768541e-8,1.097739349631762e-17,2.0108728623524086e-7,5.067159340120567e-18,0.,0.,0.,1.0769613609458027e-36
0.24,30.656554894946705,75.41549211258429,4.043719791448477,0.0005357080628529721,0.0006960193458677773,0.000041368666004731075,0.000017666094851376333,2.525807777324288e-7,7.676215699467659e-6,1.6503985358235348e-11,5.900335596319034e-8,2.1950401677494762e-17,2.1821150072586013e-7,6.497838450958086e-18,0.,0.,0.,2.5092179769652082e-36
0.26,31.6546201725399,81.55764607247824,4.5596655221770765,0.0006734771556663624,0.0009388088383262682,0.00005572751959277934,0.00002369810739977257,3.779037380518211e-7,7.952921961837107e-6,2.7562202236375294e-11,7.965751183811592e-8,4.3317083808133744e-17,2.361403940847371e-7,8.283010414961958e-18,0.,0.,0.,5.731567874941486e-36
0.28,32.66104711404356,88.05164571740798,5.128433799574615,0.0008426561885216317,0.001260150597148841,0.00007469954698421908,0.000031617869334509495,5.615333151803182e-7,8.236430173087002e-6,4.558562053673453e-11,1.067855474312842e-7,8.436713658013013e-17,2.5506793930735835e-7,1.0497636508444841e-17,0.,0.,0.,1.2841647396911818e-35
0.3,33.67520932266755,94.90621630193661,5.75385108868747,0.0010477539354845212,0.0016832868061201689,0.00009963981865538056,0.000041960522301116146,8.287476945794709e-7,8.528446982277089e-6,7.468152723253783e-11,1.4217151072560175e-7,1.62390689687593e-16,2.7501500214058615e-7,1.3229577829257058e-17,0.,0.,0.,2.823517629935694e-35
0.32,34.696483682837204,102.1296036734684,6.439861248735323,0.001298700492818191,0.00223762551781196,0.00013226122096532807,0.00005539644625489408,1.2151126739324913e-6,8.831469227266414e-6,1.2121341081908084e-10,1.880197942356373e-7,3.088372064063213e-16,2.96000985645065e-7,1.658123364300499e-17,0.,0.,0.,6.095196828506543e-35
0.34,35.7242514989551,109.72954298497241,7.1908684618763825,0.001608224931509434,0.0029601644670982667,0.0001747173159937358,0.00007276899751751514,1.7698683756697078e-6,9.149086480951684e-6,1.949483003705655e-10,2.4702558605912077e-7,5.806662732833427e-16,3.180437783231013e-7,2.0671295494781035e-17,0.,0.,0.,1.2924456888841187e-34
0.36,36.75789956208098,117.71322977672861,8.010304963958028,0.001975324924727603,0.003897187037958329,0.00022970136272844286,0.00009510072933340023,2.56140251043533e-6,9.486387682992473e-6,3.1064926583265225e-10,3.2256113534179393e-7,1.0790557083917572e-15,3.411597100130105e-7,2.5636618854162458e-17,0.,0.,0.,2.6931405083365847e-34
0.38,37.796821144824875,126.08729354488102,8.90276040387582,0.0024158454595949765,0.005106269025370899,0.00030056395078123554,0.00012367525641840445,3.6836016068708997e-6,9.850503541690026e-6,4.908409644642161e-10,4.185707120602147e-7,1.982988692700149e-15,3.653635154518727e-7,3.163422113267155e-17,0.,0.,0.,5.517186789802064e-34
0.4,38.84041692510079,134.85777389150684,9.872538114604943,0.0029422148619370563,0.006658637537950129,0.0003914519259978785,0.00016006103438448882,5.264641984171567e-6,0.000010251324654701327,7.689000275570712e-10,5.396694647330947e-7,3.604750811285871e-15,3.906683053453155e-7,3.884343074436629e-17,0.,0.,0.,1.1116632648562349e-33
0.42,39.888095839705834,144.0300993281341,10.923999569548863,0.003568532515321959,0.00864192573770562,0.0005074715098099944,0.00020622653453688085,7.4783867969175664e-6,0.00001070244530640963,1.1943466727778522e-9,6.919244323189355e-7,6.483726300106684e-15,4.1708554472624845e-7,4.746824417600954e-17,0.,0.,0.,2.203970781756869e-33
0.44,40.93927586896973,153.60906878238632,12.06155013052065,0.00431072168167926,0.01116336899014611,0.0006548787249708284,0.00026442056504129453,0.000010556996101757803,0.000011222394913099826,1.8398979258941454e-9,8.820429817311477e-7,1.15419796692349e-14,4.4462503833465174e-7,5.77400106984425e-17,0.,0.,0.,4.3012118075975446e-33
0.46,41.99338475396788,163.59883583593364,13.289624188671953,0.0051866860645992125,0.01435348927422411,0.0008413004327071983,0.00033750134759386036,0.000014817971590147255,0.000011836233375419489,2.811445902579484e-9,1.118129627493234e-6,2.033994354283631e-14,4.7329492270777717e-7,6.992068212174288e-17,0.,0.,0.,8.266069168741942e-33
0.48,43.0498606480058,174.00289570134353,14.6126697930112,0.006227281611223586,0.018370315247925775,0.0010759894529203964,0.00042887021052181236,0.000020677365095428687,0.000012568717094358791,4.261797275826831e-9,1.4097015135909843e-6,3.549246971838114e-14,5.031016646344508e-7,8.430708123750066e-17,0.,0.,0.,1.5649365079267734e-32
0.5,44.10815270426818,184.82407492594248,16.035132864758104,0.007422412635684357,0.023404185053103956,0.0013701173719224333,0.0005426080605905789,0.000028688426164302944,0.00001347921661822528,6.410265263722574e-9,1.7678864366391732e-6,6.133924993730284e-14,5.34050065598567e-7,1.0123703221350125e-16,0.,0.,0.,2.919750518813878e-32
0.52,45.16772160168196,196.06452379251257,17.56144109826662,0.008829319142371266,0.02968317764873382,0.0017371087328989553,0.0006837025359429645,0.00003957634502977906,0.000014620336798941948,9.567911312157237e-9,2.2056250263027012e-6,1.050232808915053e-13,5.661432718151552e-7,1.2109888674276942e-16,0.,0.,0.,5.37036292680758e-32
0.54,46.228040011172695,207.7257113697031,19.19598765062831,0.010464606245939503,0.03738373220453179,0.0021930203441576195,0.0008577844902903543,0.00005429110448626366,0.000016069803195851986,1.4175823349378284e-8,2.7378865240391493e-6,1.7815350589683584e-13,5.993827894474711e-7,1.4434718520385308e-16,0.,0.,0.,9.741452435432892e-32
0.56,47.28859300459827,219.78745170243633,20.94311472236725,0.01235846130873814,0.04698677657730231,0.0027522497647602217,0.001071808030689469,0.00007406611452190566,0.00001792919955411845,2.0847140492542866e-8,3.381897348531426e-6,2.9949355516829136e-13,6.337685045851691e-7,1.7153148713419285e-16,0.,0.,0.,1.7432319526595213e-31
0.58,48.34887840872661,232.29022952354939,22.807097130903895,0.014543988472967135,0.05875382582477185,0.0034461086444552667,0.0013338931165138236,0.00010049435923756482,0.00002033046700742978,3.043739187423832e-8,4.1573813609782e-6,4.990512098022765e-13,6.692987075616936e-7,2.0333526348017314e-16,0.,0.,0.,3.078528704061199e-31
0.6,49.4084071066849,245.21397918806454,24.792125976745847,0.017057348135554352,0.07321493458190212,0.0042969399543109155,0.0016536395685849122,0.0001356213211079169,0.000023443937711578937,4.412569236661609e-8,5.086810463343015e-6,8.244094849684806e-13,7.059701211933839e-7,2.406644775505977e-16,0.,0.,0.,5.366968735930563e-31
0.62,50.46670328934864,258.5574449763751,26.902292499731885,0.01993788661227206,0.09080380893248931,0.005336379521975457,0.0020417674059911304,0.0001820585152142796,0.000027488202877487676,6.352694302506262e-8,6.195663883502884e-6,1.350368973384321e-12,7.437779325336596e-7,2.8477936140290326e-16,0.,0.,0.,9.239536687101245e-31
0.64,51.52330465916484,272.3187024264573,29.1415722191806,0.02322825401083093,0.11220997746551623,0.006603458926458967,0.002513058967257089,0.00024315284823961863,0.00003274215908951876,9.083739440915369e-8,7.5126942291857274e-6,2.193515701322047e-12,7.827158277532383e-7,3.3753016294935623e-16,0.,0.,0.,1.5712319904450529e-30
0.66,52.442816008779644,286.4951675277833,31.513809447559915,0.026974508349147247,0.1380939059275502,0.008137131715158378,0.003079056474208885,0.00032304423549159853,0.00003955962401317393,1.2902338721325842e-7,9.070198134174531e-6,3.5340376933907817e-12,8.227760297823376e-7,4.01754742678465e-16,0.,0.,0.,2.640155537297052e-30
0.68,53.493184476045016,301.08360788183995,34.02270226238506,0.031226203998296523,0.16926258353498602,0.009988943635157054,0.00376058795083091,0.0004270107337305487,0.00004838696271974085,1.820643356202371e-7,0.000010904289082230741,5.648113284499305e-12,8.639493383843767e-7,4.819455572838737e-16,0.,0.,0.,4.3847451172399036e-30
0.7000000000000001,54.54058298843822,316.0801556990591,36.671788015560736,0.03603646259974883,0.20664210329181146,0.012215948209265599,0.004576913390716146,0.0005616186539023336,0.00005978421832704986,2.55263351852026e-7,0.000013055169783409574,8.955579804679946e-12,9.062251723745439e-7,5.853565023150287e-16,0.,0.,0.,7.199593103037461e-30
0.72,55.58460428578121,331.48032249798564,39.46442945339729,0.041462024702729694,0.2512905532053262,0.014884323462508153,0.005551266696300626,0.0007350442169881761,0.00007445029474181832,3.556416054878539e-7,0.000015567401300760897,1.4088711474968538e-11,9.495916137533582e-7,7.238963598985997e-16,0.,0.,0.,1.1690688251953525e-29
0.74,56.62485498618609,347.2790153698196,42.40380151414718,0.04756328048892406,0.3044115783937453,0.018069739770544328,0.006710534386804559,0.0009573628040441963,0.00009325279406824641,4.924355941995094e-7,0.000018490165989605545,2.199547658637804e-11,9.940354535987465e-7,9.16829015201207e-16,0.,0.,0.,1.8778342020128725e-29
0.76,57.66095555847109,363.4705546699248,45.492878863210336,0.05440427809672941,0.3673685467017334,0.021846953437523922,0.008084888003981314,0.001240930125245072,0.00011726316560077419,6.777205693902433e-7,0.000021877521223228987,3.408045333685091e-11,1.0395422396551662e-6,1.195838073245173e-15,0.,0.,0.,2.984508259721038e-29
0.78,58.69254026391778,380.0486929975051,48.73442421924624,0.06205270822399939,0.44169923465874333,0.02633591708384467,0.009709183126508519,0.0016009211003066735,0.0001476458074574651,9.271838410666979e-7,0.000025788640844290853,5.241229242943354e-11,1.0860963256819343e-6,1.6123650017548362e-15,0.,0.,0.,4.6945822356141964e-29
0.8,59.71925706961084,397.00663532520423,52.130977517368834,0.07057986387441179,0.5291309346259634,0.03161642140538429,0.011624546940592421,0.0020557738286902903,0.00018627759799270187,1.2620602492253034e-6,0.000030288041306510796,8.001706843335535e-11,1.13368092278374e-6,2.2496912524999758e-15,0.,0.,0.,7.310330132096525e-29
0.8200000000000001,60.74076753553832,414.3370601419542,55.68484594850125,0.0800605743157554,0.6315958680492745,0.03784995952155368,0.013872231651936733,0.002627438989810411,0.00023499328561562804,1.7069694570698294e-6,0.00003544578956194318,1.212692789686942e-10,1.1822781531563944e-6,3.240730482074368e-15,0.,0.,0.,1.1271902620178548e-28
0.84,61.7567466775566,432.03214147471886,59.398094906866646,0.0905731125356888,0.7512467741496885,0.04516114212675797,0.01650403226719605,0.0028666602833767848,0.0002961618352151,2.295814677866439e-6,0.00004133768991060507,1.8247472285856247e-10,1.231869106954114e-6,4.797228803128903e-15,0.,0.,0.,1.721389503340991e-28
0.86,62.76688280825156,450.0835716579307,63.272539870598266,0.10219907570898,0.8935257392284974,0.05371049003388514,0.019576387044244782,0.0042356242910156945,0.0003726377064024969,3.0708600289697587e-6,0.000048045447266218506,2.7263303993631187e-10,1.2824339033398902e-6,7.252568433002121e-15,0.,0.,0.,2.6042428353005995e-28
0.88,63.77087735764898,468.48258472315825,67.30973923359143,0.11502323842670034,1.055650448424559,0.06366893300766123,0.023152518450121878,0.005343733864506834,0.00046784426060031826,4.085461129158013e-6,0.00005565680460864369,4.0449889484011756e-10,1.3339517572393985e-6,1.1128280279629533e-14,0.,0.,0.,3.9039140263296045e-28
0.9,64.76844467564888,487.2199802859294,71.5109881000852,0.1291333786792337,1.2430338687270381,0.07523425713359959,0.027303026875529844,0.006711552318166619,0.0005858718427668963,5.406607327873297e-6,0.00006426565279405962,5.960158422973618e-10,1.386401053908884e-6,1.7228268381976843e-14,0.,0.,0.,5.8000117239632065e-28
0.92,65.75931181797709,506.2861478114513,75.87731304706807,0.14462007682801614,1.458887812350983,0.08866702956310137,0.03210650651340892,0.008393933818348331,0.0007315710553110514,7.117953600726012e-6,0.00007397211138124692,8.72243762967233e-10,1.4397594341799055e-6,2.678872823542944e-14,0.,0.,0.,8.541973836463439e-28
0.9400000000000001,66.74321831736677,525.6710911462542,80.40946785352367,0.16157648804259514,1.7067226849205481,0.10412426024449915,0.037650180174469416,0.010454466272325503,0.0009105772579042845,9.323415419172486e-6,0.00008488257970904257,1.2679295825684934e-9,1.494003894196398e-6,3.941387112905922e-14,0.,0.,0.,1.2473167355962615e-27
0.96,67.71991594160033,545.3644532083568,85.10793018977816,0.1800980889168007,1.9903608945037907,0.12190752658339402,0.04403054918944516,0.012967642093113647,0.001129863287980286,0.000012123360187993146,0.00009710975812787558,1.8309095037551192e-9,1.5491158566233998e-6,6.221741695281962e-14,0.,0.,0.,1.8062190347985265e-27
0.98,68.68916843996104,565.3555407344403,89.9728992548358,0.20028239920775737,2.3139491777642647,0.14230501395501985,0.051354053906154065,0.016019078027706656,0.0013972703839559616,0.000015718904615448848,0.00011077940863207908,2.626577273554596e-9,1.6050637182714279e-6,9.73883513471655e-14,0.,0.,0.,2.5943161700164777e-27
1.,69.65075127956366,585.6333489885554,95.00429434459474,0.22296530000627857,2.68196963129544,0.1656314674443414,0.059737739637682113,0.01971195073575483,0.0017220362846095062,0.00002028260972340971,0.00012599647631965992,3.743708051365961e-9,1.6618270120065961e-6,1.511790125528886e-13,0.,0.,0.,3.696711948810423e-27
1.02,70.60445137295129,606.1865863430962,100.2017543292524,0.246866102573635,3.099249235516836,0.19222945781267314,0.06930992226565817,0.024161820738421432,0.0021149944936363686,0.000026047537664675636,0.0001429127143980194,5.301992167961912e-9,1.7193819835780047e-6,2.3277460977057157e-13,0.,0.,0.,5.226701898666007e-27
1.04,71.55006679826991,627.0036986490541,105.56463801405054,0.2727403326875678,3.570967660490532,0.2224705683321313,0.08021084706005836,0.029495914918761263,0.0025885965924131575,0.00003329576210315806,0.0001616589157816337,7.461708318893631e-9,1.777705293988153e-6,3.555515256369038e-13,0.,0.,0.,7.333922315023155e-27
1.06,72.48740651325349,648.0728933188485,111.09202535376737,0.3006910523991066,4.102663147729366,0.25478446345677297,0.09258738600871247,0.035879903374335255,0.0031574851641250176,0.00004255769535296365,0.00018237865631277032,1.04360522071069e-8,1.8367744076923456e-6,5.388329625113739e-13,0.,0.,0.,1.0214480643917899e-26
1.08,73.41629006417674,669.3821630513371,116.78271948805904,0.32666530513775144,4.700236269538984,0.2932707748966843,0.10660010685517636,0.0434840570170842,0.0038376364993652433,0.00005393595197305661,0.00020522141511833086,1.4506734803651829e-8,1.8965680830461151e-6,8.103094148393785e-13,0.,0.,0.,1.412344394601996e-26
1.1,74.33654729086086,690.9193091347937,122.63524956186546,0.3586114102879038,5.369951377642193,0.33666596627807954,0.12192342104892162,0.05250791698905043,0.004648345448277213,0.0000680625145217595,0.00023034245921135262,2.004357438669178e-8,1.957066991056719e-6,1.2093494741972644e-12,0.,0.,0.,1.9390107672248053e-26
1.12,75.24801802874532,712.6719642697797,128.64787429262685,0.39290306396017227,6.117449435768416,0.38546398257935705,0.1402725792270794,0.06319217115572122,0.005611136173529124,0.00008551744693557487,0.0002579027320676661,2.7528928101922596e-8,2.0182663193355734e-6,1.7914912867527045e-12,0.,0.,0.,2.6436511987335145e-26
1.1400000000000001,76.15055180896978,734.6276148597991,134.81858624400462,0.42964000410892617,6.951604318288506,0.4401916150324723,0.16036922365958253,0.07576472107425053,0.006749260567295007,0.00010699792405538023,0.0002880687558159782,3.758794122012563e-8,2.0801340594968125e-6,2.6344862879464363e-12,0.,0.,0.,3.5799715827091735e-26
1.16,77.04400755734389,756.773622723433,141.1451167641215,0.4689206325682893,7.8788479376576355,0.5014088037989101,0.1829189929196136,0.09052401651271028,0.008092171381251425,0.00013332250687470376,0.00032101255801140837,5.1025734213652306e-8,2.1426709619457054e-6,3.84636653225645e-12,0.,0.,0.,4.8158377914800455e-26
1.18,77.92825329301903,779.097246187305,147.62494154506695,0.510841587118814,8.906862076706977,0.5697087299850707,0.20816168168931945,0.10782684904755861,0.009670529627857357,0.00016545194098183704,0.00035691163527530416,6.887279720647658e-8,2.2058758413177613e-6,5.576127861759202e-12,0.,0.,0.,6.436422698335988e-26
1.2,78.80316582761226,801.5856605245707,154.25528675946242,0.5554973102327609,10.043659337782742,0.6457176800396637,0.23635306133926454,0.12796620346919563,0.01151852744294139,0.00020450903533759932,0.0003959489673456432,9.24400154650706e-8,2.2692268790657874e-6,8.027766227433755e-12,0.,0.,0.,8.547902811833554e-26
1.22,79.66863046547634,824.2259777089075,161.03313572931933,0.6029796168879076,11.297567665711972,0.7300946667430683,0.26776510017795346,0.15136681276897215,0.013675481565293607,0.00025173671612953075,0.0004383130962555419,1.2338154469948674e-7,2.3337707703155304e-6,1.1478576549924049e-11,0.,0.,0.,1.1281766593896023e-25
1.24,80.52454070575016,847.0052654588228,167.95523608212983,0.6533772638293105,12.677211733961018,0.8235307923990903,0.30268608764692395,0.17846650163563998,0.016184780928851998,0.0003087532436458951,0.0004841982863993139,1.6378631111699004e-7,2.399034503885949e-6,1.6302825229479777e-11,0.,0.,0.,1.4799796563461143e-25
1.26,81.37079794677231,869.9105655518648,175.0181073491737,0.7067755226289789,14.191491169766357,0.9267483414638793,0.34143691226980305,0.2097474303298031,0.019094574996488874,0.0003772581928380138,0.0005338047821088797,2.1625485422744166e-7,2.4650701949665014e-6,2.3002141028854644e-11,0.,0.,0.,1.9299785699204794e-25
1.28,82.20731119338595,892.9289113927105,182.21804896131815,0.7632557588457488,15.849555621403155,1.0404995916811492,0.3843072460892258,0.24573854957008506,0.022457978257088375,0.00045925800244226583,0.0005873391799954295,2.8402079890926695e-7,2.5319473426075736e-6,3.224423615481563e-11,0.,0.,0.,2.502204518416515e-25
1.3,83.03399676761697,916.0473448232929,189.5511485981367,0.8228950195230975,17.660776698696274,1.167352967720363,0.43164899890046304,0.2866992073771172,0.02633355123132509,0.0005570492946966752,0.0006450149336558143,3.7107806370085335e-7,2.599761386972368e-6,4.491187062948288e-11,0.,0.,0.,3.225675493140024e-25
1.32,83.8507780231578,939.2529321670231,197.01329084695783,0.8857656311825175,19.634716846045233,1.3048338492238842,0.4838147404407161,0.33382157489106573,0.030783928778926002,0.0006731805899570188,0.0007070530083406932,4.823189559504822e-7,2.6686395114452272e-6,6.216430791371657e-11,0.,0.,0.,4.1352200366862823e-25
1.34,84.6575850640475,962.5327795027958,204.6001661294207,0.9519348103757101,21.781095235300604,1.4553089083051751,0.5411722216438217,0.3875288937012896,0.035882396982288706,0.0008095560838512234,0.0007736827027705591,6.237567000080498e-7,2.7387676058700443e-6,8.55138760856084e-11,0.,0.,0.,5.272392843251055e-25
1.36,85.45435446789462,985.874047167853,212.3072798542928,1.0214642887519487,24.10975079348216,1.6196368038324647,0.6041037381591011,0.44855604704424684,0.04170875583224309,0.0009715110692169223,0.000847136250914989,8.02687978048774e-7,2.810323487310308e-6,1.169206426116936e-10,0.,0.,0.,6.686484256489727e-25
1.3800000000000001,86.24102901395182,1009.2639634916741,220.12996175660732,1.0944099544787669,26.630602507250007,1.7986960605086728,0.6730053425381406,0.517693888400182,0.04833648165521449,0.001161901666672617,0.0009242100137943969,1.0278411517796231e-6,2.8835858500567007e-6,1.58908625489949e-10,0.,0.,0.,8.43562404151507e-25
1.4000000000000001,87.01755741631115,1032.6898377659068,228.06337538464075,1.170821511726482,29.353607171942844,1.9933820837755352,0.7482859005823798,0.5957902670185897,0.05585381627120779,0.0013849563748992587,0.0010067507366896236,1.3097992142605889e-6,2.958899067154385e-6,2.147073902352081e-10,0.,0.,0.,1.0587977928614471e-24
1.42,87.78389406245788,1056.1390724580037,236.1025276978243,1.2507421597914399,32.2887147776031,2.2046038791025504,0.8303659885373154,0.6849177544931403,0.06437190904751447,0.0016454000628221023,0.0010950587716487678,1.6611748835365172e-6,3.0366728512918973e-6,2.884233087643913e-10,0.,0.,0.,1.3223033272940108e-24
1.44,88.53999875738258,1079.599174678515,244.24227874033653,1.3342082932906756,35.445821747457096,2.4332804843079385,0.9206760568411257,0.7839422567509619,0.07398581670643965,0.0019532394604256454,0.001189454155701701,2.096958543263144e-6,3.1174139926357977e-6,3.8524516739531473e-10,0.,0.,0.,1.6432967760959854e-24
1.46,89.28583647342529,1103.0577669141926,252.4773513568835,1.421249224713825,38.83472226559225,2.6923724869582037,1.0178011394010378,0.8948561203516311,0.08480617220975252,0.0023060592055457836,0.0012902792104357928,2.6348727906260833e-6,3.201737910220582e-6,5.116891881130544e-10,0.,0.,0.,2.0324092444023456e-24
1.48,90.02137710599357,1126.5025970409026,260.80234091896085,1.5118869304676388,42.46505794985394,2.9603673776941184,1.123061585949522,1.0187428441344712,0.0969507764958403,0.0027138853380028454,0.001397901396658177,3.295761215774619e-6,3.290386324962339e-6,6.758888476565295e-10,0.,0.,0.,2.501835752443276e-24
1.5,90.74659523526995,1149.9215476320637,269.21172503174716,1.6061358213961316,46.34626614311212,3.248771760084433,1.2369121266953425,1.1567419825185303,0.11054458751517098,0.0031842165640970617,0.0015127164122355258,4.104011278609533e-6,3.384246917049978e-6,8.879351170329616e-10,0.,0.,0.,3.065490630170206e-24
1.52,91.46146989400002,1173.302644579809,277.69987319364617,1.7040025386063444,50.48752711086509,3.558517354868698,1.3598113548086794,1.3100472549093347,0.12571964666653998,0.0037247165616484134,0.0016351515139086882,5.088010410906008e-6,3.484384174211124e-6,1.1602728707302418e-9,0.,0.,0.,3.739165955711931e-24
1.54,92.16598434142799,1196.6340650473223,286.2610563823789,1.805485775277283,54.89771044555003,3.8905246559598137,1.492219672101408,1.4799040355117261,0.1425962896584872,0.004343198483334573,0.0017656690358916257,6.280633622241971e-6,2.016556337461551e-7,1.508159198298058e-9,0.,0.,0.,4.540690947271098e-24
1.56,92.86012584342615,1219.9041447719474,294.8894565434214,1.9105761249790623,59.58532098782973,4.245697916281867,1.6345970908944092,1.6676061970733096,0.16135213857218267,0.005050240253713775,0.0019047700694694307,7.719759930183496e-6,2.5120168533971945e-7,1.9501891570614825e-9,0.,0.,0.,5.490089901341828e-24
1.58,93.54388545884362,1243.1013847395686,303.5791759584521,2.0192559568815054,64.55844458246857,4.624919972587159,1.7874009004319635,1.8744922872478207,0.1821255155144837,0.005855325313679771,0.0020529982587234935,9.448813875269642e-6,3.115296163284818e-7,2.50889409816519e-9,0.,0.,0.,6.609735962242439e-24
1.6,94.2172578320816,1266.2144572515283,312.32424647332766,2.1314993180875534,69.82469399117502,5.029046937130555,1.9510832077058524,2.1019410219875594,0.20507459643973897,0.006769313730817597,0.002210943658075561,0.000011517327229926448,3.8465466404299256e-7,3.211417043382726e-9,0.,0.,0.,7.924497716802728e-24
1.62,94.88024099188624,1289.232211405967,321.11863856693395,2.2472718631877764,75.39115528698309,5.4589027858062185,2.125811094756453,2.3513660865977126,0.23036316510636914,0.007803875646544286,0.0023792465877253443,0.000013981514781887365,4.72897603670827e-7,4.090440531816019e-9,0.,0.,0.,9.461875341863472e-24
1.6400000000000001,95.53283615633423,1312.1436780159465,329.95627024403535,2.3665308109985608,81.26433505439613,5.915273873850379,2.312555332189116,2.6242102417523174,0.2581600696919248,0.008971500067896238,0.0025586014134528997,0.00001690485678545617,5.789173325145356e-7,5.184472373741853e-9,0.,0.,0.,1.1252122799438987e-23
1.6600000000000001,96.17504754397166,1334.9380739870523,338.8310157369923,2.4892249283191203,87.72287362596121,6.398903411470511,2.511476380691467,2.9219387388136817,0.28863859043624024,0.010285496379983113,0.0027497601678846666,0.000020359200793681283,7.057445021237277e-7,6.539049800685418e-9,0.,0.,0.,1.332835238332819e-23
1.68,96.80688219105471,1357.6048061773822,347.73671400288663,2.615294540421626,94.25020430614397,6.910485932764917,2.7229789412371095,3.2460320561381204,0.321975717201226,0.011760090128601387,0.0029535359214183854,0.00002442340880241986,8.568157823364809e-7,8.20873306807087e-9,0.,0.,0.,1.572661777974411e-23
1.7,97.42834977482852,1380.1334747629676,356.6671770042389,2.744671567875365,101.10122285593852,7.450661792040059,2.9475118359595593,3.5979779756099552,0.35836804267570377,0.013410016196906136,0.0031708058028204564,0.000029186580718072565,1.0359864294372085e-6,1.0256489300465125e-8,0.,0.,0.,1.8485971720808167e-23
1.72,98.03946244277066,1402.513876131643,365.6161977630499,2.8772795891996505,108.27964988324118,8.020011722109265,3.1853159212335034,3.9729836112903114,0.39796563124501905,0.015251055287667202,0.003402513562313656,0.00003474689290176913,1.2476450956454195e-6,1.2755691218803297e-8,0.,0.,0.,2.1648494290464696e-23
1.74,98.64023464771552,1424.7360053283319,374.5775581794088,3.01303392874222,115.78838226247396,8.619051489365008,3.4367904445979343,4.3842048003011245,0.4409700814932683,0.017299638400396448,0.0036496715640336186,0.00004121244960452545,1.4966333318060364e-6,1.5791855484779035e-8,0.,0.,0.,2.5259287993556978e-23
1.76,99.23068298876852,1446.7900580745127,383.5450366073294,3.1518417690896126,123.62945137651177,9.248226680357012,3.702246794375769,4.827599126057057,0.4875571751718586,0.01957288601715262,0.003913362090317474,0.00004870167707748536,1.7883474818812235e-6,1.946284237945338e-8,0.,0.,0.,2.9366435825406497e-23
1.78,99.81082605791099,1468.6664323844361,392.5124151818448,3.2936022872341613,131.80398423814017,9.907907654283733,3.9819656756574315,5.304584741551714,0.5379120134196658,0.022088548965699808,0.004194737837658585,0.00005734363719865041,2.128603119347516e-6,2.3880839081676038e-8,0.,0.,0.,3.402091878490613e-23
1.8,100.38068429218978,1490.3557298002852,401.47348689266795,3.4382068136483266,140.3121677341328,10.59838469522,4.276194213729326,5.8165386373663415,0.5922137211957739,0.024864936882653378,0.004495021483563544,0.00006727824424018255,2.524214757838947e-6,2.9173513342484465e-8,0.,0.,0.,3.9276489561087377e-23
1.82,100.94027983138156,1511.8487562681903,410.4220624009462,3.585539013351572,149.15321621668505,11.319863397068346,4.585143115109017,6.364785636749921,0.650637657355363,0.027920833874203018,0.0048155042052050855,0.0000786563679866679,2.982226234946595e-6,3.5486374919105556e-8,0.,0.,0.,4.518949949201116e-23
1.84,101.48963638101489,1534.0804327283304,419.35197659677397,3.7354750879972745,158.32534264737507,12.072460313143273,4.908983906329976,7.11961099870505,0.7133540465840429,0.0312730548670671,0.005157543034871488,0.00009163980628727416,3.510425938658259e-6,4.297985869145104e-8,0.,0.,0.,5.181867634463391e-23
1.86,102.02877908063051,1555.1643248255778,428.2570948961985,3.887883997957559,167.825733478245,12.856198900991679,5.247846270536846,7.757305655982865,0.780526555458261,0.03494538153583504,0.005522556943926724,0.00010640111031857463,4.1172349510039256e-6,5.1836725250118597e-8,0.,0.,0.,5.922485099231122e-23
1.8800000000000001,102.55773437715699,1576.0254534998498,437.13131927744064,4.0426277033418305,177.65052743317568,13.592329168196963,5.601815501707609,8.435509690474461,0.8523108215511992,0.03895533755969052,0.005912021556429311,0.0001231232463809262,4.81170693315195e-6,6.225904647496069e-8,0.,0.,0.,6.747063166832947e-23
1.9000000000000001,103.0765299032742,1596.6554421324026,445.9685940569888,4.199561422850373,187.79479833067444,14.431212084966619,5.970930095915927,8.934528594917024,0.9288529454297105,0.0433224961682312,0.0063274624057769215,0.0001419990789755919,5.603519167711028e-6,7.447015072193045e-8,0.,0.,0.,7.662002514316578e-23
1.92,103.58519436063786,1617.0461183283635,454.76291140706456,4.3585339093367885,198.25254206664093,15.300330797158107,6.342786202558687,9.680718526483425,1.0102879562479696,0.04806628720224918,0.006770446662754996,0.00016323066123175714,6.50295370726207e-6,8.871535984499634e-8,0.,0.,0.,8.673800490218379e-23
1.94,104.08375740783438,1637.1895130681794,463.5083166167507,4.519387740932667,209.0166678528671,16.19929861211898,6.741068639807925,10.469373300720966,1.0967382624256978,0.053205835870732424,0.007242573281123849,0.00018702832048454634,7.520867628602705e-6,1.0526248517334964e-7,0.,0.,0.,9.789002717984955e-23
1.96,104.57224955293495,1657.077859639035,472.198913099791,4.681959626573684,220.07899378404986,17.127622194740983,7.1542516072256515,11.301128666725393,1.188312099591048,0.05875979031191779,0.0077454615272645215,0.00021360952895099625,8.668651469435486e-6,1.2440203405947066e-7,0.,0.,0.,1.1014149652545034e-22
1.98,105.05070205051787,1676.7035923637982,480.8288671527183,4.8460807247584805,231.43024678318284,18.084699903790867,7.582165082991925,12.176476189408666,1.2851019885598793,0.0647497700143708,0.008280737883244418,0.00024319755200566637,9.958175029490439e-6,1.4644707771016164e-7,0.,0.,0.,1.2355718342169462e-22
2.,105.51914680302673,1696.0593451444256,489.3924124675699,5.011576974369471,243.06006695244545,19.069820579208578,8.02458310614748,13.095752582815884,1.387478193348618,0.0711859252218944,0.008850021337717229,0.0002760198695064486,0.000011401719851997365,1.7173273121122407e-7,0.,0.,0.,1.382005973383567e-22
2.02,105.97761626633314,1715.13794983613,497.8838544039729,5.178269436387946,254.95701633429576,20.082162793551536,8.481222569443439,14.059129552969774,1.4949310991952236,0.0780877107978651,0.009454907106033479,0.000312306368939392,0.000013011897864032165,2.0061519810139117e-7,0.,0.,0.,1.5413331946439693e-22
2.04,106.42614335937313,1733.9324344679644,506.2975740258578,5.345974645343832,267.1085920655087,21.264852266449516,8.95657486497207,15.066604246870192,1.6077693903024808,0.08546995672207407,0.010096948849442603,0.00035228731280396915,0.000014801555844874288,2.3347033466785618e-7,0.,0.,0.,1.7141430020922733e-22
2.06,106.86476137772647,1752.43602132484,514.6280319084849,5.514504969353434,279.5012438855264,22.18467363220813,9.430208612190274,16.117990402113477,1.7260079685851446,0.0933460269274421,0.010777639492893686,0.00039619108660204975,0.000016783665608714987,2.706916934245896e-7,0.,0.,0.,1.9009912738225536e-22
2.08,107.29350391101069,1770.6421249053856,522.8697717218291,5.683668977615059,292.12039593979034,23.272648019418163,9.927054051678304,17.21291028851903,1.8496389307592367,0.1017276070896496,0.011498390771216754,0.0004442417379698227,0.000018971200029655036,3.1268801106453895e-7,0.,0.,0.,2.1023927173464579e-22
2.1,107.71240476396228,1788.5443497693855,531.0174235966937,5.853271814253206,304.9504727988068,24.383457356036615,10.436401322922064,18.35078752918155,1.9786303728777443,0.11062449206225561,0.012260511663873607,0.000496656321837784,0.00002137699529996162,3.5988011357972423e-7,0.,0.,0.,2.3188131726384705e-22
2.12,108.12149788107868,1806.1364882879625,539.0657072801866,6.0231155774258625,317.97492959466757,25.515734489176864,10.957672743025617,19.530840883537696,2.1129253006990343,0.12004437516070471,0.013065185908457212,0.0005536420709470211,0.000024013600093281604,4.126972202089842e-7,0.,0.,0.,2.5506618432577085e-22
2.14,108.52081727469823,1823.4125183090125,547.0094350874413,6.1929997026364925,331.17628615864567,26.668007663490016,11.490231793800817,20.75207906938353,2.252440658864759,0.12999264160996715,0.013913448812114275,0.0006153934155103991,0.000026893112598460776,4.715826406970696e-7,0.,0.,0.,2.7982835415831966e-22
2.16,108.91039695639509,1840.366600749839,554.8435146566164,6.362721349221578,344.53616502639085,27.814265993606202,12.033383831165564,22.034780469881532,2.3970664912684803,0.1404721685571437,0.014806163607476311,0.0006820888801989327,0.000030027006691642444,5.36950407865947e-7,0.,0.,0.,3.0619510388098204e-22
2.18,109.29027087157154,1856.9930771283293,562.5629515144012,6.532075789016805,358.0353331612532,29.000931818107112,12.586377086932082,23.335650650629475,2.546665244265316,0.15148313410982045,0.015743997624920993,0.0007539072421259282,0.00003342594881867075,6.092353231900884e-7,0.,0.,0.,3.3418576138765714e-22
2.2,109.66047283712874,1873.286467043435,570.1628514593209,6.7008567962380186,371.65374723130367,30.33645946030717,13.148403962511896,24.673458960656042,2.7010712235103207,0.16302283789108604,0.016727398575455632,0.0008309489328825474,0.000037099607460218884,6.88851190764125e-7,0.,0.,0.,3.6381098978404405e-22
2.22,110.0210364821032,1889.2414656151927,577.6384227702498,6.868857037648933,385.3706022618809,31.55636477851887,13.71860261234251,26.046343536290102,2.8600902142273767,0.17508553560135545,0.01775657125766859,0.0009133428670217001,0.00004105645734189292,7.761928745197422e-7,0.,0.,0.,3.9507211112946674e-22
2.24,110.37199519115612,1904.852940893934,584.9849782475644,7.035868462123528,399.16438347284145,32.78749432358185,14.29605881313281,27.45222424417505,3.023499273607036,0.18766229004402935,0.01897012585225872,0.0010011716806934171,0.00004530358082388694,8.716292840347393e-7,0.,0.,0.,4.2796047921963965e-22
2.2600000000000002,110.71338205080768,1920.1159312478571,592.1979370944035,7.201682688748853,413.0129210982693,34.02781347380975,14.879808113348256,28.888804950319447,3.1910467028219465,0.20074084100585582,0.02010281851646655,0.0010944860142932421,0.000049846469152631915,9.754959886124885e-7,0.,0.,0.,4.624569109880453e-22
2.2800000000000002,111.04522979830908,1935.0256427375905,599.2728266454695,7.366091392651747,426.893447976118,35.27521077024487,15.468838255718792,30.353577151834056,3.3624522048414147,0.2143054962831591,0.021280889995008295,0.0011933014793548613,0.00005468882647332263,1.0880875520355978e-6,0.,0.,0.,4.985311858071959e-22
2.3000000000000003,111.36757077305046,1949.5774464859005,606.2052839508073,7.528886687771759,440.7826596861994,36.52750362006807,16.062091863964614,31.843824980611227,3.537407232834836,0.22833704601210475,0.022503351154131705,0.0012975957980532287,0.000059819934917364755,1.2096496950082603e-6,0.,0.,0.,5.361416215375991e-22
2.32,111.680436870404,1963.7668760502293,612.9910572219004,7.689861505840991,454.6567770070036,37.78244436003509,16.65846938340603,33.35663157804876,3.7155755324888267,0.24281270229540136,0.023768866582846333,0.0014073061652926928,0.00006526314574413841,1.3403714058253695e-6,0.,0.,0.,5.752347356040127e-22
2.34,111.98385949790428,1977.5896248052827,619.6260071473846,7.848809970870374,468.4916104550983,39.03772665548,17.256832263661938,34.88888682967623,3.8965938800391813,0.25770606592053313,0.025075740769495036,0.0015223268831794385,0.00007100430603791634,1.4803771318139385e-6,0.,0.,0.,6.157449986802295e-22
2.36,112.27786953367401,1991.041543342466,626.1061080855546,8.00552776848009,482.2626266652336,40.29099220889887,17.85600637025643,36.439981028075636,4.080073016249432,0.27298712173732936,0.026421907099978048,0.0016425073166572337,0.00007703817853769872,1.6297191941602449e-6,0.,0.,0.,6.575946877417636e-22
2.38,112.56249728700134,2004.1186368925412,632.4274491407486,8.159812509450049,495.9450163647912,41.53983775074836,18.45478561064988,38.00121236305074,4.2655987749682955,0.28862226400761404,0.02780491997754205,0.0017676502171942077,0.00008335691216334822,1.7883705764615708e-6,0.,0.,0.,7.006938443090957e-22
2.4,112.83777246098364,2016.8170627774653,638.5862351305515,8.311464086903223,509.51376369277926,42.781822283860706,19.051935758997395,39.57150071207818,4.452733403282532,0.3045743527593037,0.02924210385424643,0.0018975104586357238,0.00008994993006744346,1.956218242352903e-6,0.,0.,0.,7.449403426629268e-22
2.42,113.1037241171505,2029.133127897024,644.5787874506307,8.460285026571697,522.9437166112409,44.01447455180208,19.64619846282011,41.147066167573456,4.641017068666212,0.3208028018747978,0.03069118661331522,0.0020317942256917573,0.00009680384289168207,2.13305713953218e-6,0.,0.,0.,7.902200716796272e-22
2.44,113.3603806419863,2041.063286255479,650.401544843852,8.606080829630521,536.2096581555613,45.235300700572296,20.236295413755652,42.72399352533467,4.829497747371071,0.3372636993220516,0.03216750483959821,0.00217015869102965,0.00010390239005297054,2.3185850461741803e-6,0.,0.,0.,8.36407232723134e-22
2.46,113.6077697152723,2052.6041365331052,656.0510640801676,8.748660307619424,549.2863782698139,46.441792102274206,20.82093266364128,44.298247381985455,5.018586775897877,0.3539099596002647,0.03366708565529365,0.00231221221163749,0.00011122641160079955,2.51239841088582e-6,0.,0.,0.,8.83364754754425e-22
2.48,113.8459182801732,2063.752419707187,661.5240205535906,8.887835909005918,562.1487459738332,47.63143330876057,21.398805066376692,45.8656882374595,5.207330621351406,0.3706915081245098,0.03518559261219837,0.002457515069067536,0.00011875385284284161,2.7139893288945837e-6,0.,0.,0.,9.30944826497106e-22
2.5,114.07485251499554,2074.5050167266954,666.8172088023863,9.023424036975555,574.7717816101668,48.8017101028007,21.968600825318568,47.422089516107825,5.395199794053243,0.3875554969193133,0.03671834097306426,0.0026055807714397976,0.00012645980353362548,2.922743785046176e-6,0.,0.,0.,9.789895441450374e-22
2.52,114.29459780654854,2084.8589462446075,671.9275429584236,9.155245358066505,587.1307289213596,49.95011761398935,22.529006125375645,48.963155412593906,5.581652796286623,0.40444655063447155,0.038260317178851054,0.0027558779277738104,0.00013431657296670744,3.137941278477934e-6,0.,0.,0.,1.0273316717326594e-21
2.54,114.50517872504085,2094.8113624115213,676.8520571314295,9.283125101295003,599.2011267111554,51.074168466453834,23.078709828504657,50.48453946199172,5.766138567621149,0.421307041541937,0.03980620245668876,0.0029078326974284535,0.0001422938018104149,3.358755924689979e-6,0.,0.,0.,1.0757955099289314e-21
2.56,114.70661900044871,2104.3595527339626,681.5879057337005,9.406893347447209,610.9588798470785,52.17140092539012,23.616408210954535,51.98186372746455,5.9480990428771605,0.4380779124893833,0.04135040046691768,0.0030608318092840746,0.00015035861098863708,3.5842591084120002e-6,0.,0.,0.,1.1241978676798044e-21
2.58,114.89894150029713,2113.500936000538,686.1323637505889,9.52638530823942,622.3803293664392,53.239387009572326,24.140809720364302,53.450738493616335,6.126971806955164,0.4546969347901248,0.04287883633933619,0.003213902278990558,0.00015847578734002463,3.8134237355092362e-6,0.,0.,0.,1.1723491298294038e-21
2.6,115.08216820879272,2122.233060278841,690.4828269619132,9.641441595074701,633.4423214531216,54.275740537238434,24.650639730698632,54.88678234913124,6.302192829778201,0.4711021433694727,0.04440158003843386,0.0033669855891586505,0.00016660800520118386,4.045130104631013e-6,0.,0.,0.,1.2200544126149735e-21
2.62,115.25632020725723,2130.553600985793,694.6368121191874,9.751908477147902,644.1222750583959,55.278125073138995,25.14464527299095,56.28564253865612,6.473199263746158,0.4872301644925456,0.04590451975164839,0.0035190746991825513,0.00017471608246241192,4.2781733898989195e-6,0.,0.,0.,1.2671147977711081e-21
2.64,115.42141765580598,2138.4603590339034,698.5919570833828,9.857638128674095,654.398247945531,56.24426174505398,25.621599719965808,57.6430154610847,6.639432285391134,0.5030171112374112,0.04738130086904886,0.003669439700621089,0.00018275926904940884,4.5112726952573405e-6,0.,0.,0.,1.3133286349115858e-21
2.66,115.57747977622459,2145.9512590557297,702.3460209276864,9.958488865036344,664.2490009450121,57.17193689871912,26.08030740282038,58.95466718946803,6.80033996235754,0.5183989857941661,0.0488254825602813,0.003817334135813988,0.00019069556520258602,4.74308160981837e-6,0.,0.,0.,1.3584929008964827e-21
2.68,115.72452483599542,2153.02434770862,705.8968840095306,10.054325367669357,673.6540602147788,58.059009560865455,26.5196081387638,60.216453886740325,6.955380126416983,0.5333120925686432,0.05023058440947541,0.003962000854129992,0.00019848206636868316,4.9722001623253004e-6,0.,0.,0.,1.4024046040523476e-21
2.7,115.86257013343109,2159.6777920616746,709.2425480159234,10.145018897513394,682.5937773079037,58.90341868094289,26.938381648332268,61.424341991287505,7.104023232967667,0.5476934585270614,0.05159013487397503,0.004102678170746359,0.0002060753309986616,5.197188042453228e-6,0.,0.,0.,1.4448622204051548e-21
2.72,115.99163198387217,2165.9098780666704,712.3811359859022,10.230447496890935,691.0493868586764,59.703190123081455,27.335551842021285,62.574428047129814,7.245755187367476,0.5614812570754559,0.05289772107313344,0.004238606261227305,0.0002134317670723817,5.416578927796651e-6,0.,0.,0.,1.4856671485209202e-21
2.74,116.11172570691235,2171.7190091145476,715.3108923137047,10.310496179673557,699.0030617068712,60.45644338092177,27.71009095639367,63.66295805509832,7.380080118506482,0.5746152316651236,0.054147039384428004,0.0043690337200899135,0.00022050803275453098,5.628895728774748e-6,0.,0.,0.,1.5246251691345372e-21
2.7600000000000002,116.22286561461257,2177.1037046789424,718.0301827360436,10.38505710962244,706.437965289337,61.16139798912816,28.061023520536608,64.68634622387911,7.506523080242691,0.5870371152546953,0.05533194630196343,0.004493224207459555,0.0002272614462372254,5.832666540007967e-6,0.,0.,0.,1.5615478954913147e-21
2.7800000000000002,116.32506500067254,2182.062599048043,720.5374943066121,10.454029766797834,713.338301137527,61.81637960665881,28.38743013453742,65.6411930031186,7.624632661698158,0.5986910417415886,0.05644650899747511,0.004610463104908091,0.00023365039955070056,6.0264410666122135e-6,0.,0.,0.,1.5962542002310044e-21
2.8000000000000003,116.41833613052674,2186.5944401460183,722.8314353607876,10.51732110194709,719.6893593296315,62.41982574823122,28.68845104253849,66.52430228495248,7.733983487944551,0.6095239455018135,0.05748505501662153,0.004720064099715966,0.0002396347709317799,6.208807277894977e-6,0.,0.,0.,1.628571604714926e-21
2.82,116.50269023233743,2190.6980884450563,724.9107354732149,10.574845678790348,725.4775597560256,62.970291141839894,28.963289483889493,67.33269766524825,7.834178593286174,0.619485945246741,0.05844222054382799,0.004821375616148384,0.00024518204637671295,6.3784080295875774e-6,0.,0.,0.,1.6583376169312722e-21
2.84,116.57813748885806,2194.372515969002,726.7742454107754,10.626525804134547,730.6904920673012,63.46645269170001,29.21121480695837,68.06363766156515,7.924851650177209,0.628530708518872,0.05931299667739856,0.004913594444891459,0.00025024498690548913,6.53395738940147e-6,0.,0.,0.,1.68540100451227e-21
2.86,116.64468703014197,2197.6168053894303,728.4209370832099,10.672291645755031,735.3169521847258,63.907114027551685,29.431565331266032,68.71462979123282,8.005669037774275,0.6366157933041898,0.06009277317295562,0.004996536818747704,0.000254795870029154,6.674256399604932e-6,0.,0.,0.,1.7096229899536037e-21
2.88,116.70234692707737,2200.4301492149425,729.8499034934482,10.712081337992853,739.3469752639066,64.29120962290068,29.623750944782664,69.283443420039,8.076331735223695,0.6437029634352431,0.0607773791374035,0.005069504316845365,0.00025880442004995967,6.798208014631095e-6,0.,0.,0.,1.7308783558370076e-21
2.9,116.75112418572633,2202.8118490743336,731.060358689475,10.745841075023455,742.7718650134373,64.61780846645223,29.78725542444983,69.76812129970102,8.136577026001666,0.6497584746943734,0.06136312018722134,0.005132042826019193,0.00026224369627230517,6.904830961453111e-6,0.,0.,0.,1.7490564487120698e-21
2.92,116.7910247424536,2204.761315094199,732.0516377193537,10.773525191759024,745.5842192815179,64.88611727273444,29.92163846927368,70.16698972055568,8.186180000957446,0.6547533287979426,0.0618468116235953,0.005183760087435024,0.00026509038371448184,6.993272285481458e-6,0.,0.,0.,1.764062071284026e-21
2.94,116.82205345982905,2206.2780653715085,732.8231965908095,10.795096232353933,747.7779518349058,65.09548321968913,30.02653743666177,70.47866721466491,8.224954849143705,0.6586634927470995,0.0622258072221724,0.005224329618679778,0.00026732504672764704,7.0628183648000434e-6,0.,0.,0.,1.7758162536689852e-21
2.96,116.8442141232916,2207.3617255414997,733.3746122365407,10.81052500628724,749.3483102659378,65.24539620281973,30.10166877404028,70.70207175372954,8.252755927039887,0.6614700813647508,0.06249802328640701,0.005253493997268346,0.0002689323418129071,7.112904200281107e-6,0.,0.,0.,1.78425689570286e-21
2.98,116.85750943856534,2208.0120284412837,733.705582486247,10.819790632002768,750.2918899749974,65.33549059734267,30.146829139192068,70.83642639579628,8.269478598376306,0.6631595011985659,0.06266195766988537,0.005271067461551293,0.0002699011865054335,7.143120818015754e-6,0.,0.,0.,1.7893392736120542e-21
3.,116.86194102981923,2208.2288138693643,733.8159260461059,10.822880568091051,750.6066441873487,65.36554652165648,30.16189620418252,70.88126334463318,8.275059838429673,0.6637235543513152,0.06271670353378272,0.005276937794015193,0.0002702248818291312,7.153220652957529e-6,0.,0.,0.,1.7910364057553464e-21
3.02,116.84758234664442,2207.526461368566,733.458449460084,10.812871704866431,749.5872536049759,65.26820971003517,30.113103609964316,70.7360861153769,8.2569893528521,0.6618976793829842,0.06253951035782049,0.005257940622714482,0.00026917746488710147,7.120547334685514e-6,0.,0.,0.,1.785543153146198e-21
3.04,116.80450061398247,2205.419964463451,732.3866540871015,10.782888997473552,746.5362430898883,64.9769685786169,29.967153809591057,70.3021909984743,8.202998381346019,0.656448731808163,0.06201110287975291,0.0052013416213890626,0.0002660586447781825,7.023393204393075e-6,0.,0.,0.,1.7691577786444898e-21
3.06,116.73267879492123,2201.9110065821724,730.6024432236002,10.733063880609976,741.4750281112125,64.4941224286941,29.725325270190723,69.5844600146875,8.113744255610275,0.6474620341763668,0.06114090315138279,0.0051083054396723745,0.00026093787515042363,6.8643188222542915e-6,0.,0.,0.,1.7421609327353267e-21
3.08,116.63208853640151,2197.002398888807,728.1089894891386,10.663614705187635,734.4390743416035,63.82347483787508,29.389730585817446,68.59093813272983,7.990308879362383,0.6350774489247797,0.05994430468525641,0.00498073076269693,0.00025392815729528205,6.647470866602883e-6,0.,0.,0.,1.7050121191500664e-21
3.1,116.50269023233743,2190.6980884450563,724.9107354732149,10.574845678790348,725.4775597560256,62.970291141839894,28.963289483889493,67.33269766524825,7.834178593286174,0.619485945246741,0.05844222054382799,0.004821375616148384,0.00024518204637671295,6.3784080295875774e-6,0.,0.,0.,1.6583376169312722e-21
3.12,116.34443311284781,2183.003169608324,721.0133945579282,10.467145384038016,714.6529060843271,61.94123964226402,28.449691596540394,65.82365236758449,7.647216653930943,0.6009249487389977,0.05666047592173798,0.004633015726783816,0.0002348808935193935,6.063871297752392e-6,0.,0.,0.,1.6029141449756074e-21
3.14,116.157255360464,2173.92389863694,716.4239518334498,10.340984876711074,702.0401841060756,60.744317265758376,27.853349549876825,64.08032507900721,7.431628973167483,0.5796726226636681,0.05462906901590546,0.004419498928120965,0.0002232504989647481,5.711511451203743e-6,0.,0.,0.,1.5396488158754083e-21
3.16,115.9410842544346,2163.4677114638466,711.1506649993235,10.19691536620348,687.7263985208918,59.388760593442186,27.17934306885158,62.12157369591115,7.18992391967222,0.5560412622479479,0.05238132877704188,0.004184853287903027,0.000210520396294555,5.329588688628288e-6,0.,0.,0.,1.4695560450273974e-21
3.18,115.6958363445037,2151.643244589587,705.203065120571,10.035565481723221,671.8096593428622,57.88494336623756,26.433354930336257,59.968281109859866,6.924867117479916,0.5303700091605945,0.04995300158720822,0.003933362274377076,0.00019693883026473925,4.926660347349995e-6,0.,0.,0.,1.3937321744319057e-21
3.2,115.42141765580598,2138.4603590339034,698.5919570833828,9.857638128674095,654.398247945531,56.24426174505398,25.621599719965808,57.6430154610847,6.639432285391134,0.5030171112374112,0.04738130086904886,0.003669439700621089,0.00018275926904940884,4.5112726952573405e-6,0.,0.,0.,1.3133286349115858e-21
3.22,115.11772392678714,2123.9301672723914,691.3294195708656,9.663906940856966,635.6095870158517,54.47900876559928,24.750746457475287,55.16966763349179,6.336749242094829,0.4743519620936579,0.044703954040785206,0.003397506020475694,0.00016823283525758034,4.091671764214454e-6,0.,0.,0.,1.2295245033867267e-21
3.24,114.78464088233702,2108.0650630702644,683.4288043549286,9.45521233554701,615.5691247516783,52.60223957249965,23.827836248718377,52.573073336733444,6.0200502531863,0.4447471562245331,0.04196630602740577,0.003122179579527145,0.00015360124298204297,3.675546287924993e-6,0.,0.,0.,1.1434993124108938e-21
3.2600000000000002,114.42204454460628,2090.878754109152,674.9047346759723,9.23245718015597,594.409144647447,50.629028479946335,22.860196198655483,49.8786273741768,5.692615916571661,0.4145702857171124,0.03918773155476092,0.002846890281174856,0.0001390905049548943,3.26981318007677e-6,0.,0.,0.,1.0564069377969143e-21
3.2800000000000002,114.02980158426608,2072.386297284775,665.7731024576977,8.99660208109423,572.2675131451313,48.56932433102419,21.855350876804003,47.11189777604839,5.357721771673141,0.3841787276956966,0.03641088808263237,0.00257577148164508,0.0001249056225471998,2.8804528657972094e-6,0.,0.,0.,9.693513285797541e-22
3.3000000000000003,113.60776971527227,2052.604136533105,656.0510640801672,8.748660307619417,549.2863782698132,46.44179210227411,20.820932663641244,44.29824738198538,5.0185867758978695,0.3539099596002639,0.0336670856552936,0.0023122122116374833,0.00011122641160079919,2.51239841088581e-6,0.,0.,0.,8.833647547544223e-22
3.3200000000000003,113.15579813650004,2031.5501430199429,645.7570344103943,8.489692365906611,525.6108331079223,44.259665984492,19.764592322164965,41.46247018814984,4.6787697649605375,0.32407784761022984,0.030984393216036958,0.0020591524955807477,0.00009820455287421929,2.16947903189851e-6,0.,0.,0.,7.993891363036909e-22
3.34,112.67372802393032,2009.2436575036936,634.9106787664093,8.220800241304687,501.38755860708625,42.03759267914262,18.69391113245762,38.628449336696626,4.340284835303111,0.29496726270190154,0.028367821378078733,0.0018190435900582857,0.00008596189124743487,1.8544154508742438e-6,0.,0.,0.,7.182608870443664e-22
3.36,112.16139307739292,1985.70553465306,623.5329024681566,7.943121329751722,476.76346066462304,39.79008088172294,17.616315898184016,35.81884302969055,4.006412030338776,0.26683024719557247,0.02587887347082736,0.0015938275404130957,0.00007458994657793988,1.5688618800685973e-6,0.,0.,0.,6.406995645396595e-22
3.38,111.618620126196,1960.9581890704335,611.645837607007,7.657822082602051,451.88431681165775,37.53135429325143,16.538998082359097,33.052412128930754,3.679701864159164,0.2398832575493605,0.023512395257087478,0.0013849352462919776,0.00006415054459017686,1.313487333308188e-6,0.,0.,0.,5.673004689695144e-22
3.4,111.04522979830908,1935.0256427375905,599.2728266454695,7.366091392651747,426.893447976118,35.27521077024487,15.468838255718792,30.353577151834056,3.3624522048414147,0.2143054962831591,0.021280889995008295,0.0011933014793548613,0.00005468882647332263,1.0880875520355978e-6,0.,0.,0.,4.985311858071959e-22
3.42,110.44103725810182,1907.9335735628733,586.4384024402082,7.06913375291475,401.93043080525547,33.03488948047874,14.412336945306793,27.737161627164895,3.0566862491925466,0.19023830863019991,0.019192997831208997,0.0010193946831325816,0.00004618835180867459,8.917181355208121e-7,0.,0.,0.,4.347319256735863e-22
3.44,109.80585301798277,1879.7093646681526,573.1682642651873,6.768162223663513,377.12986583231293,30.822947823148997,13.375552854597483,25.218515255347587,2.7641370985567475,0.16778558517363218,0.017133572254552625,0.0008632589293108213,0.00003864793452026065,7.22839448135448e-7,0.,0.,0.,3.761193856586009e-22
3.46,109.13948382961829,1850.382154009443,559.4892493981591,6.46439124736251,352.62021636930604,28.524366766381384,12.364049291227463,22.810773101547007,2.4862389614752134,0.14701508160393673,0.01536341586424731,0.0007245465493993168,0.00003203392280497098,5.794644643971004e-7,0.,0.,0.,3.227937448372787e-22
3.48,108.4417336607508,1819.9828838770281,545.4292998233458,6.159029355335697,328.52273238734983,26.436027439013955,11.382849486308615,20.504591394429298,2.224124837267208,0.12796054186207564,0.013740265033554794,0.0006026530751977269,0.00002629721629231053,4.5930178906194343e-7,0.,0.,0.,2.747483168463703e-22
3.5,107.71240476396228,1788.5443497693855,531.0174235966937,5.853271814253206,304.9504727988068,24.383457356036615,10.436401322922064,18.35078752918155,1.9786303728777443,0.11062449206225561,0.012260511663873607,0.000496656321837784,0.00002137699529996162,3.5988011357972423e-7,0.,0.,0.,2.3188131726384705e-22
3.52,106.95129884404714,1756.1012480800382,516.2836504181531,5.548293264720457,282.0074384764206,22.40037966281641,9.528551813793163,16.333507222106878,1.750303438390696,0.0949815601565562,0.010918541390719901,0.0004054624027767692,0.000017204324875868276,2.786956462732396e-7,0.,0.,0.,1.9400916490881896e-22
3.54,106.15821833095981,1722.690221978014,501.2589809588644,5.245240408314726,259.78782703232577,20.63281026248769,8.672512945517127,14.456833935468225,1.5394188386663934,0.08098217043113883,0.009707179907769332,0.00032784255600523394,0.000013705498571676614,2.1325886547040618e-7,0.,0.,0.,1.6088072446599528e-22
3.56,105.33296776558188,1688.3499048008418,485.9753295006393,4.945224803237236,238.37541883789152,18.672457249021218,7.845892177633169,12.722755761297671,1.3459974731573727,0.06855646241720903,0.00861812427747901,0.0002624881456692306,0.00001080501856255003,1.6120725760054398e-7,0.,0.,0.,1.3219191210775514e-22
3.58,104.47535530580438,1653.1209602145736,470.46545946170227,4.649315832221598,217.8431020030784,16.939636324839274,7.070430335316155,11.131303787424223,1.169582770048937,0.057614972496849215,0.00764234486668545,0.00020805995794894708,8.428141754561058e-6,1.203520249306421e-7,0.,0.,0.,1.0760012384698027e-22
3.6,103.58519436063786,1617.0461183283635,454.76291140706456,4.3585339093367885,198.25254206664093,15.300330797158107,6.342786202558687,9.680718526483425,1.0102879562479696,0.04806628720224918,0.006770446662754996,0.00016323066123175714,6.50295370726207e-6,8.871535984499634e-8,0.,0.,0.,8.673800490218379e-23
3.62,102.66230536022971,1580.170206882461,438.9019231751861,4.073843994714204,179.65399999830632,13.757671858419533,5.674426409215207,8.576102084869959,0.867234127554331,0.03979956826776798,0.005992982019765058,0.0001267197786203923,4.961961687924826e-6,6.45506350093348e-8,0.,0.,0.,6.922615319459641e-23
3.64,101.70651766978995,1542.5401765586416,422.9173417956383,3.796149487874245,162.0862998102426,12.382220649390806,5.04272046589375,7.369896464936134,0.7396794041579546,0.03270272410614266,0.00530071015750253,0.00009732096650587217,3.7432235386111754e-6,4.6348149447895277e-8,0.,0.,0.,5.468443639488369e-23
3.66,100.7176716554757,1503.2756780926393,406.84452692626513,3.526286571086546,145.57694465417563,11.027542214416608,4.4597852241035385,6.1410493831010955,0.6267623897541104,0.026663714893452505,0.004684801813106213,0.00007392178490020145,2.7910493304513212e-6,3.2828319150480836e-8,0.,0.,0.,4.274169453424645e-23
3.68,99.69562091026224,1464.30582586222,390.7192456037496,3.2650190739255343,130.14237778604496,9.773515872190366,3.924868528221782,5.206433539256511,0.5275309824370757,0.021565151692003896,0.004136990181053899,0.00005551646814673345,2.0563275382213575e-6,2.293158442591109e-8,0.,0.,0.,3.3043693913070286e-23
3.7,98.64023464771552,1424.7360053283314,374.5775581794086,3.0130339287422183,115.78838226247387,8.619051489364995,3.43679044459793,4.384204800301119,0.4409700814932674,0.01729963840039641,0.0036496715640336134,0.000041212449604525306,1.4966333318060314e-6,1.5791855484778982e-8,0.,0.,0.,2.525928799355691e-23
3.72,97.55140027136494,1384.6217394473038,358.4556954031733,2.7709372840320734,102.51061074876856,7.562180378881485,2.9939949207596457,3.6718404095474186,0.3660240774228056,0.01376241952508887,0.003215960927319869,0.00003023155826828139,1.0755725005225714e-6,1.0717687407090437e-8,0.,0.,0.,1.9084822835851096e-23
3.74,96.42902612704022,1344.0206732706013,342.3899267236926,2.5392513385236333,90.29523442776411,6.600144929602232,2.5945455644744597,3.0483290460059362,0.30162039036520977,0.01085530812344669,0.0028297087750430504,0.000021906891976473535,7.63056837998966e-7,7.165817565092736e-9,0.,0.,0.,1.4246894919992517e-23
3.7600000000000002,95.27304444506427,1302.9925402111219,326.4164199917596,2.3184119531471192,78.87786617319209,5.729495013530681,2.236419652411365,2.512168935047188,0.24672930889648706,0.008487649337259347,0.0024854864579444327,0.000015676039027537783,5.341909891414673e-7,4.7183130267668956e-9,0.,0.,0.,1.0503625353275954e-23
3.7800000000000002,94.08341447857222,1261.5991139760408,310.5710928879516,2.108767090800471,68.7476458998066,4.94618909389388,1.91745500459544,2.0547388646620894,0.2003029389471378,0.006577255368336914,0.0021785472206860557,0.000011073870422165797,3.6889914685536706e-7,3.0579303134622632e-9,0.,0.,0.,7.644655029267853e-24
3.8000000000000003,92.86012584342613,1219.9041447719464,294.8894565434209,1.9105761249790563,59.58532098782951,4.245697916281852,1.6345970908944032,1.667606197073301,0.1613521385721819,0.005050240253713743,0.0019047700694694246,7.719759930183432e-6,2.51201685339717e-7,1.950189157061461e-9,0.,0.,0.,5.490089901341784e-24
3.8200000000000003,91.60320206420516,1177.9732783757227,279.4064519846684,1.7240100478844655,51.34777223748552,3.6231086762682043,1.385517550732462,1.342653762595627,0.128956518794744,0.0038419759763994588,0.0016605929716348093,5.30870841871731e-6,1.6860340681966606e-7,1.223262845092408e-9,0.,0.,0.,3.888634802874374e-24
3.84,90.31270432954341,1135.8739566705892,264.15628020795657,1.5491525966356576,43.98691609941857,3.073227620967035,1.167545374856915,1.0721833507070904,0.10220715925386764,0.0028941142946139467,0.0014429410808948907,3.5998828485688738e-6,3.327250003049333e-6,7.543262032147931e-10,0.,0.,0.,2.715149718822607e-24
3.86,88.98873545864087,1093.67529827443,249.1722268754302,1.3860023027862445,37.450725754976354,2.590679157547048,0.9780001533593774,0.8489957799357547,0.080325877721563,0.002158683964087733,0.0012491547086761147,2.4061921097194414e-6,3.1675339886274238e-6,4.5707631884758653e-10,0.,0.,0.,1.867846316664046e-24
3.88,87.63144407906366,1051.4479579404106,234.48648282095076,1.234475455678703,31.684248834273635,2.1609926587247346,0.813385458873089,0.6664482572555821,0.06258403973848617,0.0015900757733053863,0.0010769207215756455,1.5846637992619641e-6,3.020898382012718e-6,2.720151286329314e-10,0.,0.,0.,1.265317573285285e-24
3.9,86.24102901395182,1009.2639634916741,220.12996175660732,1.0944099544787669,26.630602507250007,1.7986960605086728,0.6730053425381406,0.517693888400182,0.04833648165521449,0.001161901666672617,0.0009242100137943969,1.0278411517796231e-6,2.8835858500567007e-6,1.58908625489949e-10,0.,0.,0.,8.43562404151507e-25
3.92,84.8177438744419,967.1965291664369,206.13211677750283,0.9655700073356805,22.231927658317606,1.4870384157442325,0.5533001210267244,0.3991242438396984,0.03698921893690166,0.0008398594785722761,0.0007875804589011051,6.562817180576966e-7,2.7529555911643004e-6,9.107882242368746e-11,0.,0.,0.,5.531332083022112e-25
3.94,83.36190185045987,925.3198444008381,192.52075746875028,0.8476516193756078,18.430285321829615,1.220840064257359,0.45191615672487584,0.30480270319043673,0.02804137106427703,0.0006011623548646214,0.0006692940408666894,4.12355393667788e-7,2.6271766089418997e-6,5.1186813714188214e-11,0.,0.,0.,3.5649984992338405e-25
3.96,81.87388069002037,883.7088372682125,179.32186961984598,0.740288794586941,15.168480479302762,0.9936856962029486,0.3666417640230732,0.2307410089064926,0.021054558095611544,0.00042469856917310594,0.000565440572030895,2.5484180567633136e-7,2.5050900447350986e-6,2.8191236774972117e-11,0.,0.,0.,2.256910621512249e-25
3.98,80.35412785376118,842.4389120286185,166.55943974221879,0.6430603605808509,12.39080064656033,0.8040846067817458,0.29540678693281747,0.17272815235845385,0.01565249433554225,0.0002964903026763907,0.0004747300404901063,1.5483187844861303e-7,2.3859218259247725e-6,1.5206141012862872e-11,0.,0.,0.,1.40245318138632e-25
4.,78.80316582761226,801.5856605245707,154.25528675946242,0.5554973102327609,10.043659337782742,0.6457176800396637,0.23635306133926454,0.12796620346919563,0.01151852744294139,0.00020450903533759932,0.0003959489673456432,9.24400154650706e-8,2.2692268790657874e-6,8.027766227433755e-12,0.,0.,0.,8.547902811833554e-26
4.0200000000000005,77.22159757223119,761.2245474906995,142.4289033895807,0.4770905408807422,8.076137395566642,0.5144826039318485,0.18774414415716587,0.09376581577048733,0.008388248132242145,0.0001392505417892789,0.00032795017535239843,5.420487885214177e-8,2.1552584031865128e-6,4.145254417502949e-12,0.,0.,0.,5.106107485586576e-26
4.04,75.61011208310924,721.4305702284016,131.09730985696137,0.4072988606307499,6.440418219977478,0.4066128695196589,0.1480315528738034,0.0679778188061285,0.0060441634897873495,0.00009358369954464487,0.00026964694064630186,3.120308569681515e-8,2.0429327501188522e-6,2.092116565088999e-12,0.,0.,0.,2.986925876188485e-26
4.0600000000000005,73.96949003004326,682.2778935323311,120.27492265069625,0.3455571229333286,5.092992257253142,0.318687942939638,0.1153949382807216,0.04871416932538558,0.0043070883458259926,0.0000620449048854964,0.0002200104728823101,1.7624872430951546e-8,1.9327839353868753e-6,1.0312957218883144e-12,0.,0.,0.,1.7095825703197387e-26
4.08,72.30060943896856,643.8394612436223,109.97344107707157,0.29492982772989534,3.9912478941978207,0.24763508409278379,0.08998471826758302,0.03451144078613419,0.0030353856282433075,0.00004056648364191068,0.00017806973415370326,9.763622609537478e-9,1.8249019634826643e-6,4.961513056511679e-13,0.,0.,0.,9.565221929725379e-27
4.1,70.6044513729513,606.1865863430972,100.20175432925254,0.24686610257363573,3.099249235516851,0.19222945781267406,0.06930992226565849,0.02416182073842158,0.002114994493636381,0.000026047537664675833,0.00014291271439801983,5.301992167961969e-9,1.7193819835780074e-6,2.3277460977057445e-13,0.,0.,0.,5.2267018986660644e-27
4.12,68.88210556244226,569.388522083005,90.96587170854657,0.20519672003110587,2.383849252622386,0.14672543356736847,0.05294203696274069,0.016702929154723222,0.0014573164911654234,0.000016547376432683113,0.00011368841340254465,2.8209558013164563e-9,1.6163519058797329e-6,1.0641190656590198e-13,0.,0.,0.,2.786478273341743e-27
4.14,67.13477592771369,533.5120172821591,82.26887847186077,0.16879188715433902,1.815656741143086,0.11094288384205565,0.04009619345982661,0.011400848378379033,0.000993052923460399,0.00001034951505479825,0.00008960892294058106,1.469833069430418e-9,1.515944524492039e-6,4.735863239341257e-14,0.,0.,0.,1.447852965912625e-27
4.16,65.3637859287555,498.62085956877786,74.11091954307386,0.13825430353266188,1.368911955392237,0.08303394348131489,0.030101376643785246,0.007679393156131621,0.0006738053387552567,6.380440493608356e-6,0.00006995114619314371,7.496157090123077e-10,1.41830845112925e-6,2.2446404566480873e-14,0.,0.,0.,7.3241408797972815e-28
4.18,63.57058366984413,464.7754110371591,66.48921300757763,0.1123583782831781,1.0213024907925448,0.061555245741950516,0.022393712367684077,0.0051030087476573345,0.000447118705745183,3.860380174185666e-6,0.00005405782764864821,3.7401641592189245e-10,1.3235729680692683e-6,1.020613959243986e-14,0.,0.,0.,3.6028871153418173e-28
4.2,61.756746677556606,432.0321414747187,59.39809490686659,0.09057311253568864,0.7512467741496873,0.04516114212675786,0.016504032267196014,0.002866660283376775,0.000296161835215099,2.2958146778664303e-6,0.000041337689910605,1.824747228585614e-10,1.2318691069541133e-6,4.7972288031288774e-15,0.,0.,0.,1.7213895033409834e-28
4.22,59.92398626228908,400.4431649985464,52.829096364234644,0.07239726575629837,0.548355649512839,0.0327839066853665,0.012045850359832785,0.002160016476027307,0.00019514458881928441,1.3412392714910659e-6,0.00003126458112177651,8.700566416688228e-11,1.1433199488229915e-6,2.414173069626956e-15,0.,0.,0.,7.977891650453351e-29
4.24,58.07415136442706,370.0557865952701,46.77105350681144,0.057362845940661544,0.3956436568862277,0.023552434987274124,0.008702517044629904,0.0013748028082944186,0.0001286111231371793,7.687838884078477e-7,0.00002337562642499495,4.051942528205617e-11,1.058039113217441e-6,1.3421639556112005e-15,0.,0.,0.,3.58175061561952e-29
4.26,56.20923177736715,340.9120656621172,41.21025001061985,0.045037677723928075,0.28206295039133966,0.01672825279805578,0.006222854018754743,0.0008618141202311086,0.00008517186673599572,4.3264715536129333e-7,0.00001726844853894697,1.8422390753630584e-11,9.761295275045529e-7,8.314452145411856e-16,0.,0.,0.,1.5555674626775674e-29
4.28,54.33136063075177,313.0484041744587,36.1305913951451,0.03502705472127026,0.19862055195146294,0.011737482844977866,0.004401797954641399,0.0005318796609641686,0.00005726785188738415,2.387022987681296e-7,0.000012597576435636093,8.17200083678278e-12,8.976823567243449e-7,5.623342556466239e-16,0.,0.,0.,6.525676421248331e-30
4.3,52.44281600877966,286.4951675277834,31.513809447559936,0.026974508349147292,0.13809390592755055,0.008137131715158393,0.0030790564742088906,0.0003230442354915994,0.000039559624013174,1.2902338721325884e-7,9.070198134174548e-6,3.5340376933907987e-12,8.227760297823379e-7,4.0175474267846563e-16,0.,0.,0.,2.6401555372970693e-30
4.32,50.67817370212221,261.27634638935876,27.339694383843185,0.02056174960484745,0.09476187000559164,0.005570176471109858,0.002129803513509555,0.00019298077974992352,0.000028432077680044717,6.827382628911591e-8,6.441435065887494e-6,1.4889418042177186e-12,7.514753329099357e-7,2.9456530717097546e-16,0.,0.,0.,1.0284672912468012e-30
4.34,48.77280763846234,237.40926801585067,23.586351578398723,0.015507861735880405,0.06419244612790007,0.00376592787498879,0.00145427028867595,0.00011336909208678076,0.00002147934933151552,3.5341660848638436e-8,4.509322952219091e-6,6.106485627801213e-13,6.838305632209891e-7,2.1754323739935798e-16,0.,0.,0.,3.850898127247542e-31
4.36,46.864376085702794,214.9043654161656,20.23047894272531,0.01156783946511053,0.04290289586999972,0.0025127411051022986,0.0009809158049181503,0.00006545597807227869,0.00001712857093916454,1.7882453701527814e-8,3.109679589606677e-6,2.4356500219781887e-13,6.198767488148089e-7,1.6014603534093397e-16,0.,0.,0.,1.3834384622506464e-31
4.38,44.955731162850846,193.7828120964761,17.24766033749978,0.008530583690377099,0.02831540114736146,0.001657151865402962,0.0006530538403657527,0.00003712665843991024,0.000014370239293980943,8.83668355296012e-9,2.1110255103699346e-6,9.438577791240031e-14,5.59632950386763e-7,1.1687127046905724e-16,0.,0.,0.,4.759484634088604e-32
4.4,43.04986064800574,174.00289570134308,14.612669793011142,0.006227281611223541,0.018370315247925588,0.0010759894529203855,0.00042887021052180813,0.000020677365095428403,0.000012568717094358773,4.261797275826759e-9,1.4097015135909706e-6,3.549246971838033e-14,5.031016646344495e-7,8.43070812375e-17,0.,0.,0.,1.5649365079267329e-32
4.42,41.14988147045038,155.5740369845649,12.299780822553284,0.004474602980952822,0.011743266708044988,0.000688770969524997,0.00027774587254955207,0.000011303037437583397,0.00001133671328376357,2.004014712141849e-9,9.252999491933285e-7,1.2937242557763735e-14,4.5026835297744894e-7,6.001446822686493e-17,0.,0.,0.,4.907510399769203e-33
4.44,39.25903131852195,138.47819963049392,10.28307477296926,0.003179898954061992,0.00739471359705588,0.00043452161103172814,0.000177260222654726,6.062629951071471e-6,0.000010424825135903042,9.179315235278972e-10,5.964870385242415e-7,4.564585398563438e-15,4.011011207876278e-7,4.2111172368757445e-17,0.,0.,0.,1.4645328487104237e-33
4.46,37.38065822213221,122.69042279289167,8.536741993591534,0.0022300671836991913,0.004585766490245612,0.00027006770864650934,0.0001114030631544899,3.1877257214956557e-6,9.701078069425118e-6,4.0919065867252934e-10,3.7745614654493996e-7,1.556620927237309e-15,3.555505726775457e-7,2.910035578344637e-17,0.,0.,0.,4.149624869107753e-34
4.48,35.518207980526874,108.1790775904544,7.035369641372549,0.0015399375344049668,0.0028001279679857414,0.0001653187061840556,0.00006893480229612495,1.642481878152338e-6,9.084176665524996e-6,1.7740238297998442e-10,2.3402003245495499e-7,5.122848024606472e-16,3.1354986846032445e-7,1.9787918852450366e-17,0.,0.,0.,1.113627068995018e-34
4.5,33.67520932266755,94.90621630193661,5.75385108868747,0.0010477539354845212,0.0016832868061201689,0.00009963981865538056,0.000041960522301116146,8.287476945794709e-7,8.528446982277089e-6,7.468152723253783e-11,1.4217151072560175e-7,1.62390689687593e-16,2.7501500214058615e-7,1.3229577829257058e-17,0.,0.,0.,2.823517629935694e-35
4.5200000000000005,31.85525671012337,82.82801249898034,4.669072692927842,0.0007046159769171403,0.000996127827764906,0.000059114067815843026,0.00002511564814884715,4.092757982910525e-7,8.009034213019117e-6,3.050358839553747e-11,8.451357644309712e-8,4.954956304137704e-17,2.398453226717118e-7,8.688963543268564e-18,0.,0.,0.,6.745390828238848e-36
4.54,30.06199072122455,71.89528796560927,3.7579624296859726,0.00046588920693542673,0.000579782169125161,0.000034513911857436726,0.000014772315060404603,1.9767388113318915e-7,7.5129643683569425e-6,1.2075287294879218e-11,4.910914035015339e-8,1.450505819561023e-17,2.0774757679370183e-7,5.601199132671631e-18,0.,0.,0.,1.5141950635524354e-36
4.5600000000000005,28.299075990992243,62.054119754094685,2.9991068699726546,0.00030344437369374716,0.0003327569688616234,0.00001982690075222606,8.535032809791766e-6,9.329933922717164e-8,7.032230833034534e-6,4.627639348657712e-12,2.786419401751584e-8,4.070122853021396e-18,1.7896575734592286e-7,3.54062310805238e-18,0.,0.,0.,3.1845770730682434e-37
4.58,26.570176724495443,53.246518203609654,2.3725414016795603,0.00019408614996510072,0.00018751115693787818,0.000011204626465974045,4.837211198193074e-6,4.299148145287718e-8,6.5674218685995055e-6,1.7148450159105558e-12,1.5419932306886303e-8,1.0922360513246816e-18,1.5315446664561173e-7,2.1924831704786363e-18,0.,0.,0.,6.256021014348231e-38
4.6000000000000005,24.805445390103905,45.35113137048363,1.8598567544933098,0.000122262008210651,0.00010423760243161588,6.222545099416036e-6,2.6904222569040132e-6,1.9321740230560524e-8,6.115917957687441e-6,6.137079190398572e-13,8.309054149250952e-9,2.798409045836262e-19,1.3015691572889928e-7,1.3286143241805364e-18,0.,0.,0.,1.1443166592785739e-38
4.62,23.15886684378271,38.43261065455981,1.444267093217944,0.00007561701979944656,0.00005705479585868773,3.401827535004091e-6,1.4669898393099999e-6,8.46055765250967e-9,5.677774358722261e-6,2.118446484989571e-13,4.357281160942165e-9,6.830965125540945e-20,1.0991561744791293e-7,7.870282227255408e-19,0.,0.,0.,1.9425181042762605e-39
4.64,21.55705903477873,32.356014248291196,1.1106404877959664,0.00004592843618155638,0.00003075990045006249,1.830174825465891e-6,7.83661413606049e-7,3.6051844565636653e-9,5.2548300523772204e-6,7.043973170766372e-14,2.219095753019641e-9,1.585211313287034e-20,9.201867504647745e-8,4.552037503684701e-19,0.,0.,0.,3.0497856024002423e-40
4.66,20.00338479598748,27.093051310465018,0.8454937742892028,0.000027379547785186684,0.000016279326594875026,9.67261015514304e-7,4.0995003657374355e-7,0.0000626029388604475,4.845053102195601e-6,2.2530165177665055e-14,1.0974976845928951e-9,3.490210501929267e-21,7.635589920626044e-8,2.567509634429312e-19,0.,0.,0.,4.412867970146564e-41
4.68,18.501051261011995,22.494704016982237,0.6369549160158688,0.000016010207160785892,8.539280340691366e-6,5.026057251640309e-7,2.0988336551410747e-7,6.001593840565499e-10,4.450615095901041e-6,6.922042670242239e-15,5.260022400021396e-10,7.274319028378623e-22,6.286972691507985e-8,1.4104087823593865e-19,0.,0.,0.,5.863174408830251e-42
4.7,17.053074570988592,18.542075672541724,0.4717997509922953,9.355757907305701e-6,4.39404147269717e-6,2.566167511931811e-7,1.0513113100780333e-7,2.337942198695019e-10,4.072267122292502e-6,2.039747552718257e-15,2.439708351521962e-10,1.431962579313062e-22,5.130360677195959e-8,7.535429841809445e-20,0.,0.,0.,7.1264546179724706e-43
4.72,15.662244117423889,15.166576090214505,0.34773705640916464,5.154189905515131e-6,2.2244665956695746e-6,1.2871450452589885e-7,5.147516591178228e-8,8.813095936496633e-11,3.710709008446793e-6,5.755847355252345e-16,1.093673450121946e-10,2.6562144871054297e-23,4.1472154778527747e-8,3.909939941148109e-20,0.,0.,0.,7.893577198410485e-44
4.74,14.331086923626017,12.308147385530347,0.25335671530637355,2.834037838940554e-6,1.1075417725533595e-6,6.339419417480185e-8,2.46269967192153e-8,3.2098111756092665e-11,3.3665661982766305e-6,1.5523307862247378e-16,4.732962804748982e-11,4.631086085516533e-24,3.319335101176635e-8,1.9672676795678126e-20,0.,0.,0.,7.936611357352776e-45
4.76,13.061832849360393,9.907245461404187,0.18336061833215972,1.5247646625217417e-6,5.421346538938223e-7,3.062758698425919e-8,1.1506278974403705e-8,1.1274426424114095e-11,3.040374265692507e-6,3.996927439081578e-17,1.948144541035607e-11,7.569836397496024e-25,2.6290718581683296e-8,9.58255967716253e-21,0.,0.,0.,7.215045354142719e-46
4.78,11.856381377907034,7.9076081318527445,0.1304307533755114,8.020589160117103e-7,2.60170849747299e-7,1.4516929383251759e-8,5.247235982252809e-9,0.0000407434705992843,2.7325673120839176e-6,9.804284278996422e-18,7.772543809614079e-12,1.1569703395921954e-25,2.0595322517797994e-8,4.511037195945775e-21,0.,0.,0.,5.906896383099707e-47
4.8,10.713349019150634,6.256680819515449,0.09172117107598174,4.1220750151304833e-7,1.2238384756981737e-7,6.74103577304746e-9,2.3342164750895278e-9,0.000037463982070605465,2.4434686558992685e-6,2.2861170137387883e-18,2.9745809358327752e-12,1.6492930713272486e-26,1.5947531060101687e-8,2.048596067142596e-21,0.,0.,0.,4.3378387492122035e-48
4.82,9.639973838504922,4.905965418886903,0.06357107025846881,2.068199809935827e-7,5.636514693257502e-8,3.063487263828864e-9,1.0122960693855324e-9,0.00003430960728845483,2.173283256704386e-6,5.058587403892203e-19,1.0901814767070608e-12,2.185517300866785e-27,1.2198490155139147e-8,8.957421606188062e-22,0.,0.,0.,2.846252891633753e-49
4.84,8.633816083351988,3.8111154461714376,0.04347435649617339,1.012216922213612e-7,2.5333694676953505e-8,1.3616950025831461e-9,4.277127229112717e-10,0.00003128730070351129,1.9220917905348952e-6,1.0596182900484091e-19,5.214624763514211e-13,2.68452970642995e-28,9.211273088458731e-9,3.7632991482646106e-22,0.,0.,0.,1.6621668156991697e-50
4.86,7.695182379589407,2.9356407162564286,0.029323507875189912,4.828423334892679e-8,1.1123439499490674e-8,5.904145893082357e-10,1.7594549147808993e-10,0.000028403371209282048,1.6898464959608982e-6,2.0967057247285755e-20,2.123356563284734e-13,3.047103306105269e-29,6.8616805922755e-9,1.5159097745538712e-22,0.,0.,0.,8.606295150589662e-52
4.88,6.8239365626230075,2.2363929025379865,0.01949969373134117,2.2423648078614345e-8,4.722420809887748e-9,2.4969194013960953e-10,7.041521085020794e-11,0.000025663383597378727,1.4763689823006161e-6,3.907791571665182e-21,8.75601846465981e-14,3.184636526516956e-30,5.038681718658026e-9,5.841185892913437e-23,0.,0.,0.,3.936091775417286e-53
4.9,6.019493933404104,1.6863038613929926,0.012778565775067958,1.0128831684683226e-8,1.9733049330775086e-9,1.0281231480125407e-10,2.7395147844260122e-11,0.000023072063774480738,1.2813501989135124e-6,6.84274567663567e-22,3.754251900948272e-14,3.05387647776709e-31,3.6445013671764083e-9,2.1478150912668395e-23,0.,0.,0.,1.584015779753739e-54
4.92,5.280822852623624,1.2581269906031163,0.00824980940565221,4.4450008994234945e-9,7.980126475717609e-10,4.115053876563055e-11,1.0352125707448803e-11,0.00002063321000332241,1.1043527369722943e-6,7.834510816007936e-16,1.6584617283882892e-14,2.678515976907216e-32,2.5943756033052708e-9,7.516980656051327e-24,0.,0.,0.,5.587480952500151e-56
4.94,4.606454179340974,0.9284709702909211,0.005240823307051317,1.8923552477632197e-9,3.1265884842564444e-10,1.5980636249349002e-11,3.796081210114087e-12,0.00001834961276536783,9.448155853044921e-7,6.289912117097124e-16,7.574860836343385e-15,2.139561518876051e-33,1.8160097783787488e-9,2.49721973707618e-24,0.,0.,0.,1.720503199393671e-57
4.96,3.994498862271481,0.677511688453561,0.003278797821864997,7.811316094532987e-10,1.1862966541190336e-10,6.017068327307884e-12,1.3493558542821285e-12,0.000016222986011656216,8.020613955515551e-7,4.994797268517192e-16,3.4802143528823035e-15,1.5509427122446774e-34,1.2487860087882534e-9,7.852042353624079e-25,0.,0.,0.,4.6042279035060145e-59
4.98,3.442673754864275,0.4886674905973481,0.0020173301609003273,3.119899438115937e-10,4.342630237640079e-11,2.1894384241609165e-12,4.645357110957336e-13,0.000014253912623050469,6.753062323447384e-7,3.92071453677215e-16,1.5828231742914492e-15,1.0157925618251649e-35,8.427749956400833e-10,2.329659048006955e-25,0.,0.,0.,1.0655442761248005e-60
5.,2.948335454994421,0.3482530717519361,0.0012196057268530304,1.2049143567392314e-10,1.5336288047391845e-11,7.707463504582052e-13,1.546692846313928e-13,0.00001244180684185982,5.636716944517161e-7,3.040211546287268e-16,7.056050071748175e-16,5.98535112740867e-37,5.576119137847541e-10,6.50097538733914e-26,0.,0.,0.,2.1210758437525637e-62
